DROP TABLE IF EXISTS `SMS`.`z_audit_Address`;CREATE TABLE `SMS`.`z_audit_Address`(  `auditAction` ENUM ('INSERT', 'UPDATE', 'DELETE'),  `auditTimestamp` DATETIME DEFAULT CURRENT_TIMESTAMP,  `auditId` INT(14) AUTO_INCREMENT,  `idAddress` int(10) unsigned,  `country` varchar(45),  `address` varchar(100),  PRIMARY KEY (`auditId`),  INDEX (`auditTimestamp`))  ENGINE = InnoDB;DROP TRIGGER IF EXISTS `SMS`.`Address_inserts`;CREATE TRIGGER `SMS`.`Address_inserts`  AFTER INSERT ON `SMS`.`Address`  FOR EACH ROW INSERT INTO `SMS`.`z_audit_Address`     (`auditAction`,`idAddress`,`country`,`address`)  VALUES     ('INSERT',NEW.idAddress,NEW.country,NEW.address);DROP TRIGGER IF EXISTS `SMS`.`Address_updates`;CREATE TRIGGER `SMS`.`Address_updates`  AFTER UPDATE ON `SMS`.`Address`  FOR EACH ROW INSERT INTO `SMS`.`z_audit_Address`     (`auditAction`,`idAddress`,`country`,`address`)  VALUES     ('UPDATE',NEW.idAddress,NEW.country,NEW.address);DROP TRIGGER IF EXISTS `SMS`.`Address_deletes`;CREATE TRIGGER `SMS`.`Address_deletes`  AFTER DELETE ON `SMS`.`Address`  FOR EACH ROW INSERT INTO `SMS`.`z_audit_Address`     (`auditAction`,`idAddress`,`country`,`address`)  VALUES     ('DELETE',OLD.idAddress,OLD.country,OLD.address);
DROP TABLE IF EXISTS `SMS`.`z_audit_Allergies`;CREATE TABLE `SMS`.`z_audit_Allergies`(  `auditAction` ENUM ('INSERT', 'UPDATE', 'DELETE'),  `auditTimestamp` DATETIME DEFAULT CURRENT_TIMESTAMP,  `auditId` INT(14) AUTO_INCREMENT,  `name` varchar(45),  `treatment` varchar(45),  `severity` varchar(45),  `Student_idStudent` int(11),  `Student_Sex_idSex` int(11),  PRIMARY KEY (`auditId`),  INDEX (`auditTimestamp`))  ENGINE = InnoDB;DROP TRIGGER IF EXISTS `SMS`.`Allergies_inserts`;CREATE TRIGGER `SMS`.`Allergies_inserts`  AFTER INSERT ON `SMS`.`Allergies`  FOR EACH ROW INSERT INTO `SMS`.`z_audit_Allergies`     (`auditAction`,`name`,`treatment`,`severity`,`Student_idStudent`,`Student_Sex_idSex`)  VALUES     ('INSERT',NEW.name,NEW.treatment,NEW.severity,NEW.Student_idStudent,NEW.Student_Sex_idSex);DROP TRIGGER IF EXISTS `SMS`.`Allergies_updates`;CREATE TRIGGER `SMS`.`Allergies_updates`  AFTER UPDATE ON `SMS`.`Allergies`  FOR EACH ROW INSERT INTO `SMS`.`z_audit_Allergies`     (`auditAction`,`name`,`treatment`,`severity`,`Student_idStudent`,`Student_Sex_idSex`)  VALUES     ('UPDATE',NEW.name,NEW.treatment,NEW.severity,NEW.Student_idStudent,NEW.Student_Sex_idSex);DROP TRIGGER IF EXISTS `SMS`.`Allergies_deletes`;CREATE TRIGGER `SMS`.`Allergies_deletes`  AFTER DELETE ON `SMS`.`Allergies`  FOR EACH ROW INSERT INTO `SMS`.`z_audit_Allergies`     (`auditAction`,`name`,`treatment`,`severity`,`Student_idStudent`,`Student_Sex_idSex`)  VALUES     ('DELETE',OLD.name,OLD.treatment,OLD.severity,OLD.Student_idStudent,OLD.Student_Sex_idSex);
DROP TABLE IF EXISTS `SMS`.`z_audit_Campus`;CREATE TABLE `SMS`.`z_audit_Campus`(  `auditAction` ENUM ('INSERT', 'UPDATE', 'DELETE'),  `auditTimestamp` DATETIME DEFAULT CURRENT_TIMESTAMP,  `auditId` INT(14) AUTO_INCREMENT,  `school_id` int(11),  `name` varchar(45),  `availability` varchar(45),  `ClassRoom_idClassRoom` int(11),  `School_idSchool` int(10) unsigned,  `Address_idAddress` int(10) unsigned,  PRIMARY KEY (`auditId`),  INDEX (`auditTimestamp`))  ENGINE = InnoDB;DROP TRIGGER IF EXISTS `SMS`.`Campus_inserts`;CREATE TRIGGER `SMS`.`Campus_inserts`  AFTER INSERT ON `SMS`.`Campus`  FOR EACH ROW INSERT INTO `SMS`.`z_audit_Campus`     (`auditAction`,`school_id`,`name`,`availability`,`ClassRoom_idClassRoom`,`School_idSchool`,`Address_idAddress`)  VALUES     ('INSERT',NEW.school_id,NEW.name,NEW.availability,NEW.ClassRoom_idClassRoom,NEW.School_idSchool,NEW.Address_idAddress);DROP TRIGGER IF EXISTS `SMS`.`Campus_updates`;CREATE TRIGGER `SMS`.`Campus_updates`  AFTER UPDATE ON `SMS`.`Campus`  FOR EACH ROW INSERT INTO `SMS`.`z_audit_Campus`     (`auditAction`,`school_id`,`name`,`availability`,`ClassRoom_idClassRoom`,`School_idSchool`,`Address_idAddress`)  VALUES     ('UPDATE',NEW.school_id,NEW.name,NEW.availability,NEW.ClassRoom_idClassRoom,NEW.School_idSchool,NEW.Address_idAddress);DROP TRIGGER IF EXISTS `SMS`.`Campus_deletes`;CREATE TRIGGER `SMS`.`Campus_deletes`  AFTER DELETE ON `SMS`.`Campus`  FOR EACH ROW INSERT INTO `SMS`.`z_audit_Campus`     (`auditAction`,`school_id`,`name`,`availability`,`ClassRoom_idClassRoom`,`School_idSchool`,`Address_idAddress`)  VALUES     ('DELETE',OLD.school_id,OLD.name,OLD.availability,OLD.ClassRoom_idClassRoom,OLD.School_idSchool,OLD.Address_idAddress);
DROP TABLE IF EXISTS `SMS`.`z_audit_Class`;CREATE TABLE `SMS`.`z_audit_Class`(  `auditAction` ENUM ('INSERT', 'UPDATE', 'DELETE'),  `auditTimestamp` DATETIME DEFAULT CURRENT_TIMESTAMP,  `auditId` INT(14) AUTO_INCREMENT,  `idClass` int(11),  `name` varchar(45),  `type` int(11),  `ClassType_idClassType` int(10) unsigned,  PRIMARY KEY (`auditId`),  INDEX (`auditTimestamp`))  ENGINE = InnoDB;DROP TRIGGER IF EXISTS `SMS`.`Class_inserts`;CREATE TRIGGER `SMS`.`Class_inserts`  AFTER INSERT ON `SMS`.`Class`  FOR EACH ROW INSERT INTO `SMS`.`z_audit_Class`     (`auditAction`,`idClass`,`name`,`type`,`ClassType_idClassType`)  VALUES     ('INSERT',NEW.idClass,NEW.name,NEW.type,NEW.ClassType_idClassType);DROP TRIGGER IF EXISTS `SMS`.`Class_updates`;CREATE TRIGGER `SMS`.`Class_updates`  AFTER UPDATE ON `SMS`.`Class`  FOR EACH ROW INSERT INTO `SMS`.`z_audit_Class`     (`auditAction`,`idClass`,`name`,`type`,`ClassType_idClassType`)  VALUES     ('UPDATE',NEW.idClass,NEW.name,NEW.type,NEW.ClassType_idClassType);DROP TRIGGER IF EXISTS `SMS`.`Class_deletes`;CREATE TRIGGER `SMS`.`Class_deletes`  AFTER DELETE ON `SMS`.`Class`  FOR EACH ROW INSERT INTO `SMS`.`z_audit_Class`     (`auditAction`,`idClass`,`name`,`type`,`ClassType_idClassType`)  VALUES     ('DELETE',OLD.idClass,OLD.name,OLD.type,OLD.ClassType_idClassType);
DROP TABLE IF EXISTS `SMS`.`z_audit_ClassRoom`;CREATE TABLE `SMS`.`z_audit_ClassRoom`(  `auditAction` ENUM ('INSERT', 'UPDATE', 'DELETE'),  `auditTimestamp` DATETIME DEFAULT CURRENT_TIMESTAMP,  `auditId` INT(14) AUTO_INCREMENT,  `idClassRoom` int(11),  `name` varchar(45),  `campus_id` int(11),  `capacity` int(11),  `Schedule_idSchedule` int(11),  `Schedule_Class_idClass` int(11),  PRIMARY KEY (`auditId`),  INDEX (`auditTimestamp`))  ENGINE = InnoDB;DROP TRIGGER IF EXISTS `SMS`.`ClassRoom_inserts`;CREATE TRIGGER `SMS`.`ClassRoom_inserts`  AFTER INSERT ON `SMS`.`ClassRoom`  FOR EACH ROW INSERT INTO `SMS`.`z_audit_ClassRoom`     (`auditAction`,`idClassRoom`,`name`,`campus_id`,`capacity`,`Schedule_idSchedule`,`Schedule_Class_idClass`)  VALUES     ('INSERT',NEW.idClassRoom,NEW.name,NEW.campus_id,NEW.capacity,NEW.Schedule_idSchedule,NEW.Schedule_Class_idClass);DROP TRIGGER IF EXISTS `SMS`.`ClassRoom_updates`;CREATE TRIGGER `SMS`.`ClassRoom_updates`  AFTER UPDATE ON `SMS`.`ClassRoom`  FOR EACH ROW INSERT INTO `SMS`.`z_audit_ClassRoom`     (`auditAction`,`idClassRoom`,`name`,`campus_id`,`capacity`,`Schedule_idSchedule`,`Schedule_Class_idClass`)  VALUES     ('UPDATE',NEW.idClassRoom,NEW.name,NEW.campus_id,NEW.capacity,NEW.Schedule_idSchedule,NEW.Schedule_Class_idClass);DROP TRIGGER IF EXISTS `SMS`.`ClassRoom_deletes`;CREATE TRIGGER `SMS`.`ClassRoom_deletes`  AFTER DELETE ON `SMS`.`ClassRoom`  FOR EACH ROW INSERT INTO `SMS`.`z_audit_ClassRoom`     (`auditAction`,`idClassRoom`,`name`,`campus_id`,`capacity`,`Schedule_idSchedule`,`Schedule_Class_idClass`)  VALUES     ('DELETE',OLD.idClassRoom,OLD.name,OLD.campus_id,OLD.capacity,OLD.Schedule_idSchedule,OLD.Schedule_Class_idClass);
DROP TABLE IF EXISTS `SMS`.`z_audit_ClassType`;CREATE TABLE `SMS`.`z_audit_ClassType`(  `auditAction` ENUM ('INSERT', 'UPDATE', 'DELETE'),  `auditTimestamp` DATETIME DEFAULT CURRENT_TIMESTAMP,  `auditId` INT(14) AUTO_INCREMENT,  `type` varchar(45),  `school_id` int(11),  `idClassType` int(10) unsigned,  PRIMARY KEY (`auditId`),  INDEX (`auditTimestamp`))  ENGINE = InnoDB;DROP TRIGGER IF EXISTS `SMS`.`ClassType_inserts`;CREATE TRIGGER `SMS`.`ClassType_inserts`  AFTER INSERT ON `SMS`.`ClassType`  FOR EACH ROW INSERT INTO `SMS`.`z_audit_ClassType`     (`auditAction`,`type`,`school_id`,`idClassType`)  VALUES     ('INSERT',NEW.type,NEW.school_id,NEW.idClassType);DROP TRIGGER IF EXISTS `SMS`.`ClassType_updates`;CREATE TRIGGER `SMS`.`ClassType_updates`  AFTER UPDATE ON `SMS`.`ClassType`  FOR EACH ROW INSERT INTO `SMS`.`z_audit_ClassType`     (`auditAction`,`type`,`school_id`,`idClassType`)  VALUES     ('UPDATE',NEW.type,NEW.school_id,NEW.idClassType);DROP TRIGGER IF EXISTS `SMS`.`ClassType_deletes`;CREATE TRIGGER `SMS`.`ClassType_deletes`  AFTER DELETE ON `SMS`.`ClassType`  FOR EACH ROW INSERT INTO `SMS`.`z_audit_ClassType`     (`auditAction`,`type`,`school_id`,`idClassType`)  VALUES     ('DELETE',OLD.type,OLD.school_id,OLD.idClassType);
DROP TABLE IF EXISTS `SMS`.`z_audit_Customer`;CREATE TABLE `SMS`.`z_audit_Customer`(  `auditAction` ENUM ('INSERT', 'UPDATE', 'DELETE'),  `auditTimestamp` DATETIME DEFAULT CURRENT_TIMESTAMP,  `auditId` INT(14) AUTO_INCREMENT,  `idCustomer` int(11),  `surname` varchar(45),  `name` varchar(45),  `chinese_name` varchar(45),  `mobile_phone` varchar(45),  `work_phone` varchar(45),  `home_phone` varchar(45),  `email` varchar(45),  `wechat_id` varchar(45),  `primary_contact` tinyint(4),  `notes` varchar(45),  `family_id` int(11),  `sex` int(11),  `Address_idAddress` int(10) unsigned,  `Sex_idSex` int(11),  `CustomerType_idCustomerType` int(11),  `Status_idStatus` int(11),  PRIMARY KEY (`auditId`),  INDEX (`auditTimestamp`))  ENGINE = InnoDB;DROP TRIGGER IF EXISTS `SMS`.`Customer_inserts`;CREATE TRIGGER `SMS`.`Customer_inserts`  AFTER INSERT ON `SMS`.`Customer`  FOR EACH ROW INSERT INTO `SMS`.`z_audit_Customer`     (`auditAction`,`idCustomer`,`surname`,`name`,`chinese_name`,`mobile_phone`,`work_phone`,`home_phone`,`email`,`wechat_id`,`primary_contact`,`notes`,`family_id`,`sex`,`Address_idAddress`,`Sex_idSex`,`CustomerType_idCustomerType`,`Status_idStatus`)  VALUES     ('INSERT',NEW.idCustomer,NEW.surname,NEW.name,NEW.chinese_name,NEW.mobile_phone,NEW.work_phone,NEW.home_phone,NEW.email,NEW.wechat_id,NEW.primary_contact,NEW.notes,NEW.family_id,NEW.sex,NEW.Address_idAddress,NEW.Sex_idSex,NEW.CustomerType_idCustomerType,NEW.Status_idStatus);DROP TRIGGER IF EXISTS `SMS`.`Customer_updates`;CREATE TRIGGER `SMS`.`Customer_updates`  AFTER UPDATE ON `SMS`.`Customer`  FOR EACH ROW INSERT INTO `SMS`.`z_audit_Customer`     (`auditAction`,`idCustomer`,`surname`,`name`,`chinese_name`,`mobile_phone`,`work_phone`,`home_phone`,`email`,`wechat_id`,`primary_contact`,`notes`,`family_id`,`sex`,`Address_idAddress`,`Sex_idSex`,`CustomerType_idCustomerType`,`Status_idStatus`)  VALUES     ('UPDATE',NEW.idCustomer,NEW.surname,NEW.name,NEW.chinese_name,NEW.mobile_phone,NEW.work_phone,NEW.home_phone,NEW.email,NEW.wechat_id,NEW.primary_contact,NEW.notes,NEW.family_id,NEW.sex,NEW.Address_idAddress,NEW.Sex_idSex,NEW.CustomerType_idCustomerType,NEW.Status_idStatus);DROP TRIGGER IF EXISTS `SMS`.`Customer_deletes`;CREATE TRIGGER `SMS`.`Customer_deletes`  AFTER DELETE ON `SMS`.`Customer`  FOR EACH ROW INSERT INTO `SMS`.`z_audit_Customer`     (`auditAction`,`idCustomer`,`surname`,`name`,`chinese_name`,`mobile_phone`,`work_phone`,`home_phone`,`email`,`wechat_id`,`primary_contact`,`notes`,`family_id`,`sex`,`Address_idAddress`,`Sex_idSex`,`CustomerType_idCustomerType`,`Status_idStatus`)  VALUES     ('DELETE',OLD.idCustomer,OLD.surname,OLD.name,OLD.chinese_name,OLD.mobile_phone,OLD.work_phone,OLD.home_phone,OLD.email,OLD.wechat_id,OLD.primary_contact,OLD.notes,OLD.family_id,OLD.sex,OLD.Address_idAddress,OLD.Sex_idSex,OLD.CustomerType_idCustomerType,OLD.Status_idStatus);
DROP TABLE IF EXISTS `SMS`.`z_audit_CustomerType`;CREATE TABLE `SMS`.`z_audit_CustomerType`(  `auditAction` ENUM ('INSERT', 'UPDATE', 'DELETE'),  `auditTimestamp` DATETIME DEFAULT CURRENT_TIMESTAMP,  `auditId` INT(14) AUTO_INCREMENT,  `idCustomerType` int(11),  `type` varchar(45),  `description` varchar(45),  `school_id` int(11),  PRIMARY KEY (`auditId`),  INDEX (`auditTimestamp`))  ENGINE = InnoDB;DROP TRIGGER IF EXISTS `SMS`.`CustomerType_inserts`;CREATE TRIGGER `SMS`.`CustomerType_inserts`  AFTER INSERT ON `SMS`.`CustomerType`  FOR EACH ROW INSERT INTO `SMS`.`z_audit_CustomerType`     (`auditAction`,`idCustomerType`,`type`,`description`,`school_id`)  VALUES     ('INSERT',NEW.idCustomerType,NEW.type,NEW.description,NEW.school_id);DROP TRIGGER IF EXISTS `SMS`.`CustomerType_updates`;CREATE TRIGGER `SMS`.`CustomerType_updates`  AFTER UPDATE ON `SMS`.`CustomerType`  FOR EACH ROW INSERT INTO `SMS`.`z_audit_CustomerType`     (`auditAction`,`idCustomerType`,`type`,`description`,`school_id`)  VALUES     ('UPDATE',NEW.idCustomerType,NEW.type,NEW.description,NEW.school_id);DROP TRIGGER IF EXISTS `SMS`.`CustomerType_deletes`;CREATE TRIGGER `SMS`.`CustomerType_deletes`  AFTER DELETE ON `SMS`.`CustomerType`  FOR EACH ROW INSERT INTO `SMS`.`z_audit_CustomerType`     (`auditAction`,`idCustomerType`,`type`,`description`,`school_id`)  VALUES     ('DELETE',OLD.idCustomerType,OLD.type,OLD.description,OLD.school_id);
DROP TABLE IF EXISTS `SMS`.`z_audit_Employee`;CREATE TABLE `SMS`.`z_audit_Employee`(  `auditAction` ENUM ('INSERT', 'UPDATE', 'DELETE'),  `auditTimestamp` DATETIME DEFAULT CURRENT_TIMESTAMP,  `auditId` INT(14) AUTO_INCREMENT,  `idEmployees` int(10) unsigned,  `surname` varchar(45),  `firstname` varchar(45),  `chinese_name` varchar(45),  `Sex_idSex` int(11),  `Address_idAddress` int(10) unsigned,  `EmployeeType_idEmployeeType` int(10) unsigned,  `EmployeeSchool_idEmployeeSchool` int(10) unsigned,  PRIMARY KEY (`auditId`),  INDEX (`auditTimestamp`))  ENGINE = InnoDB;DROP TRIGGER IF EXISTS `SMS`.`Employee_inserts`;CREATE TRIGGER `SMS`.`Employee_inserts`  AFTER INSERT ON `SMS`.`Employee`  FOR EACH ROW INSERT INTO `SMS`.`z_audit_Employee`     (`auditAction`,`idEmployees`,`surname`,`firstname`,`chinese_name`,`Sex_idSex`,`Address_idAddress`,`EmployeeType_idEmployeeType`,`EmployeeSchool_idEmployeeSchool`)  VALUES     ('INSERT',NEW.idEmployees,NEW.surname,NEW.firstname,NEW.chinese_name,NEW.Sex_idSex,NEW.Address_idAddress,NEW.EmployeeType_idEmployeeType,NEW.EmployeeSchool_idEmployeeSchool);DROP TRIGGER IF EXISTS `SMS`.`Employee_updates`;CREATE TRIGGER `SMS`.`Employee_updates`  AFTER UPDATE ON `SMS`.`Employee`  FOR EACH ROW INSERT INTO `SMS`.`z_audit_Employee`     (`auditAction`,`idEmployees`,`surname`,`firstname`,`chinese_name`,`Sex_idSex`,`Address_idAddress`,`EmployeeType_idEmployeeType`,`EmployeeSchool_idEmployeeSchool`)  VALUES     ('UPDATE',NEW.idEmployees,NEW.surname,NEW.firstname,NEW.chinese_name,NEW.Sex_idSex,NEW.Address_idAddress,NEW.EmployeeType_idEmployeeType,NEW.EmployeeSchool_idEmployeeSchool);DROP TRIGGER IF EXISTS `SMS`.`Employee_deletes`;CREATE TRIGGER `SMS`.`Employee_deletes`  AFTER DELETE ON `SMS`.`Employee`  FOR EACH ROW INSERT INTO `SMS`.`z_audit_Employee`     (`auditAction`,`idEmployees`,`surname`,`firstname`,`chinese_name`,`Sex_idSex`,`Address_idAddress`,`EmployeeType_idEmployeeType`,`EmployeeSchool_idEmployeeSchool`)  VALUES     ('DELETE',OLD.idEmployees,OLD.surname,OLD.firstname,OLD.chinese_name,OLD.Sex_idSex,OLD.Address_idAddress,OLD.EmployeeType_idEmployeeType,OLD.EmployeeSchool_idEmployeeSchool);
DROP TABLE IF EXISTS `SMS`.`z_audit_EmployeeSchool`;CREATE TABLE `SMS`.`z_audit_EmployeeSchool`(  `auditAction` ENUM ('INSERT', 'UPDATE', 'DELETE'),  `auditTimestamp` DATETIME DEFAULT CURRENT_TIMESTAMP,  `auditId` INT(14) AUTO_INCREMENT,  `idEmployeeSchool` int(10) unsigned,  `type` int(11),  `School_idSchool` int(10) unsigned,  PRIMARY KEY (`auditId`),  INDEX (`auditTimestamp`))  ENGINE = InnoDB;DROP TRIGGER IF EXISTS `SMS`.`EmployeeSchool_inserts`;CREATE TRIGGER `SMS`.`EmployeeSchool_inserts`  AFTER INSERT ON `SMS`.`EmployeeSchool`  FOR EACH ROW INSERT INTO `SMS`.`z_audit_EmployeeSchool`     (`auditAction`,`idEmployeeSchool`,`type`,`School_idSchool`)  VALUES     ('INSERT',NEW.idEmployeeSchool,NEW.type,NEW.School_idSchool);DROP TRIGGER IF EXISTS `SMS`.`EmployeeSchool_updates`;CREATE TRIGGER `SMS`.`EmployeeSchool_updates`  AFTER UPDATE ON `SMS`.`EmployeeSchool`  FOR EACH ROW INSERT INTO `SMS`.`z_audit_EmployeeSchool`     (`auditAction`,`idEmployeeSchool`,`type`,`School_idSchool`)  VALUES     ('UPDATE',NEW.idEmployeeSchool,NEW.type,NEW.School_idSchool);DROP TRIGGER IF EXISTS `SMS`.`EmployeeSchool_deletes`;CREATE TRIGGER `SMS`.`EmployeeSchool_deletes`  AFTER DELETE ON `SMS`.`EmployeeSchool`  FOR EACH ROW INSERT INTO `SMS`.`z_audit_EmployeeSchool`     (`auditAction`,`idEmployeeSchool`,`type`,`School_idSchool`)  VALUES     ('DELETE',OLD.idEmployeeSchool,OLD.type,OLD.School_idSchool);
DROP TABLE IF EXISTS `SMS`.`z_audit_EmployeeType`;CREATE TABLE `SMS`.`z_audit_EmployeeType`(  `auditAction` ENUM ('INSERT', 'UPDATE', 'DELETE'),  `auditTimestamp` DATETIME DEFAULT CURRENT_TIMESTAMP,  `auditId` INT(14) AUTO_INCREMENT,  `idEmployeeType` int(10) unsigned,  `type` varchar(45),  `description` varchar(45),  `school_id` varchar(45),  PRIMARY KEY (`auditId`),  INDEX (`auditTimestamp`))  ENGINE = InnoDB;DROP TRIGGER IF EXISTS `SMS`.`EmployeeType_inserts`;CREATE TRIGGER `SMS`.`EmployeeType_inserts`  AFTER INSERT ON `SMS`.`EmployeeType`  FOR EACH ROW INSERT INTO `SMS`.`z_audit_EmployeeType`     (`auditAction`,`idEmployeeType`,`type`,`description`,`school_id`)  VALUES     ('INSERT',NEW.idEmployeeType,NEW.type,NEW.description,NEW.school_id);DROP TRIGGER IF EXISTS `SMS`.`EmployeeType_updates`;CREATE TRIGGER `SMS`.`EmployeeType_updates`  AFTER UPDATE ON `SMS`.`EmployeeType`  FOR EACH ROW INSERT INTO `SMS`.`z_audit_EmployeeType`     (`auditAction`,`idEmployeeType`,`type`,`description`,`school_id`)  VALUES     ('UPDATE',NEW.idEmployeeType,NEW.type,NEW.description,NEW.school_id);DROP TRIGGER IF EXISTS `SMS`.`EmployeeType_deletes`;CREATE TRIGGER `SMS`.`EmployeeType_deletes`  AFTER DELETE ON `SMS`.`EmployeeType`  FOR EACH ROW INSERT INTO `SMS`.`z_audit_EmployeeType`     (`auditAction`,`idEmployeeType`,`type`,`description`,`school_id`)  VALUES     ('DELETE',OLD.idEmployeeType,OLD.type,OLD.description,OLD.school_id);
DROP TABLE IF EXISTS `SMS`.`z_audit_Family`;CREATE TABLE `SMS`.`z_audit_Family`(  `auditAction` ENUM ('INSERT', 'UPDATE', 'DELETE'),  `auditTimestamp` DATETIME DEFAULT CURRENT_TIMESTAMP,  `auditId` INT(14) AUTO_INCREMENT,  `primary_surname` varchar(45),  `notes` varchar(45),  `SchoolFamily_idSchoolFamily` int(11),  `Student_idStudent` int(11),  `Customer_idCustomer` int(11),  `Customer_Address_idAddress` int(10) unsigned,  PRIMARY KEY (`auditId`),  INDEX (`auditTimestamp`))  ENGINE = InnoDB;DROP TRIGGER IF EXISTS `SMS`.`Family_inserts`;CREATE TRIGGER `SMS`.`Family_inserts`  AFTER INSERT ON `SMS`.`Family`  FOR EACH ROW INSERT INTO `SMS`.`z_audit_Family`     (`auditAction`,`primary_surname`,`notes`,`SchoolFamily_idSchoolFamily`,`Student_idStudent`,`Customer_idCustomer`,`Customer_Address_idAddress`)  VALUES     ('INSERT',NEW.primary_surname,NEW.notes,NEW.SchoolFamily_idSchoolFamily,NEW.Student_idStudent,NEW.Customer_idCustomer,NEW.Customer_Address_idAddress);DROP TRIGGER IF EXISTS `SMS`.`Family_updates`;CREATE TRIGGER `SMS`.`Family_updates`  AFTER UPDATE ON `SMS`.`Family`  FOR EACH ROW INSERT INTO `SMS`.`z_audit_Family`     (`auditAction`,`primary_surname`,`notes`,`SchoolFamily_idSchoolFamily`,`Student_idStudent`,`Customer_idCustomer`,`Customer_Address_idAddress`)  VALUES     ('UPDATE',NEW.primary_surname,NEW.notes,NEW.SchoolFamily_idSchoolFamily,NEW.Student_idStudent,NEW.Customer_idCustomer,NEW.Customer_Address_idAddress);DROP TRIGGER IF EXISTS `SMS`.`Family_deletes`;CREATE TRIGGER `SMS`.`Family_deletes`  AFTER DELETE ON `SMS`.`Family`  FOR EACH ROW INSERT INTO `SMS`.`z_audit_Family`     (`auditAction`,`primary_surname`,`notes`,`SchoolFamily_idSchoolFamily`,`Student_idStudent`,`Customer_idCustomer`,`Customer_Address_idAddress`)  VALUES     ('DELETE',OLD.primary_surname,OLD.notes,OLD.SchoolFamily_idSchoolFamily,OLD.Student_idStudent,OLD.Customer_idCustomer,OLD.Customer_Address_idAddress);
DROP TABLE IF EXISTS `SMS`.`z_audit_FamilyStatus`;CREATE TABLE `SMS`.`z_audit_FamilyStatus`(  `auditAction` ENUM ('INSERT', 'UPDATE', 'DELETE'),  `auditTimestamp` DATETIME DEFAULT CURRENT_TIMESTAMP,  `auditId` INT(14) AUTO_INCREMENT,  `idFamilyStatus` int(10) unsigned,  `type` varchar(45),  `description` varchar(45),  `school_id` int(10) unsigned,  PRIMARY KEY (`auditId`),  INDEX (`auditTimestamp`))  ENGINE = InnoDB;DROP TRIGGER IF EXISTS `SMS`.`FamilyStatus_inserts`;CREATE TRIGGER `SMS`.`FamilyStatus_inserts`  AFTER INSERT ON `SMS`.`FamilyStatus`  FOR EACH ROW INSERT INTO `SMS`.`z_audit_FamilyStatus`     (`auditAction`,`idFamilyStatus`,`type`,`description`,`school_id`)  VALUES     ('INSERT',NEW.idFamilyStatus,NEW.type,NEW.description,NEW.school_id);DROP TRIGGER IF EXISTS `SMS`.`FamilyStatus_updates`;CREATE TRIGGER `SMS`.`FamilyStatus_updates`  AFTER UPDATE ON `SMS`.`FamilyStatus`  FOR EACH ROW INSERT INTO `SMS`.`z_audit_FamilyStatus`     (`auditAction`,`idFamilyStatus`,`type`,`description`,`school_id`)  VALUES     ('UPDATE',NEW.idFamilyStatus,NEW.type,NEW.description,NEW.school_id);DROP TRIGGER IF EXISTS `SMS`.`FamilyStatus_deletes`;CREATE TRIGGER `SMS`.`FamilyStatus_deletes`  AFTER DELETE ON `SMS`.`FamilyStatus`  FOR EACH ROW INSERT INTO `SMS`.`z_audit_FamilyStatus`     (`auditAction`,`idFamilyStatus`,`type`,`description`,`school_id`)  VALUES     ('DELETE',OLD.idFamilyStatus,OLD.type,OLD.description,OLD.school_id);
DROP TABLE IF EXISTS `SMS`.`z_audit_Schedule`;CREATE TABLE `SMS`.`z_audit_Schedule`(  `auditAction` ENUM ('INSERT', 'UPDATE', 'DELETE'),  `auditTimestamp` DATETIME DEFAULT CURRENT_TIMESTAMP,  `auditId` INT(14) AUTO_INCREMENT,  `idSchedule` int(11),  `date` int(11),  `start_time` time(2),  `end_time` time(2),  `availability` int(11),  `Schedulecol` varchar(45),  `Class_idClass` int(11),  PRIMARY KEY (`auditId`),  INDEX (`auditTimestamp`))  ENGINE = InnoDB;DROP TRIGGER IF EXISTS `SMS`.`Schedule_inserts`;CREATE TRIGGER `SMS`.`Schedule_inserts`  AFTER INSERT ON `SMS`.`Schedule`  FOR EACH ROW INSERT INTO `SMS`.`z_audit_Schedule`     (`auditAction`,`idSchedule`,`date`,`start_time`,`end_time`,`availability`,`Schedulecol`,`Class_idClass`)  VALUES     ('INSERT',NEW.idSchedule,NEW.date,NEW.start_time,NEW.end_time,NEW.availability,NEW.Schedulecol,NEW.Class_idClass);DROP TRIGGER IF EXISTS `SMS`.`Schedule_updates`;CREATE TRIGGER `SMS`.`Schedule_updates`  AFTER UPDATE ON `SMS`.`Schedule`  FOR EACH ROW INSERT INTO `SMS`.`z_audit_Schedule`     (`auditAction`,`idSchedule`,`date`,`start_time`,`end_time`,`availability`,`Schedulecol`,`Class_idClass`)  VALUES     ('UPDATE',NEW.idSchedule,NEW.date,NEW.start_time,NEW.end_time,NEW.availability,NEW.Schedulecol,NEW.Class_idClass);DROP TRIGGER IF EXISTS `SMS`.`Schedule_deletes`;CREATE TRIGGER `SMS`.`Schedule_deletes`  AFTER DELETE ON `SMS`.`Schedule`  FOR EACH ROW INSERT INTO `SMS`.`z_audit_Schedule`     (`auditAction`,`idSchedule`,`date`,`start_time`,`end_time`,`availability`,`Schedulecol`,`Class_idClass`)  VALUES     ('DELETE',OLD.idSchedule,OLD.date,OLD.start_time,OLD.end_time,OLD.availability,OLD.Schedulecol,OLD.Class_idClass);
DROP TABLE IF EXISTS `SMS`.`z_audit_School`;CREATE TABLE `SMS`.`z_audit_School`(  `auditAction` ENUM ('INSERT', 'UPDATE', 'DELETE'),  `auditTimestamp` DATETIME DEFAULT CURRENT_TIMESTAMP,  `auditId` INT(14) AUTO_INCREMENT,  `idSchool` int(10) unsigned,  `name` varchar(45),  `owner` varchar(45),  `contact_name` varchar(45),  `contact_number` varchar(15),  `status` enum('Active','Inactive','Watchlist'),  `support_level` enum('Platinum','Gold','Silver','Bronze'),  `created_by` varchar(45),  `creation_date` datetime(6),  `Address_idAddress` int(10) unsigned,  `last_updated` datetime(6),  PRIMARY KEY (`auditId`),  INDEX (`auditTimestamp`))  ENGINE = InnoDB;DROP TRIGGER IF EXISTS `SMS`.`School_inserts`;CREATE TRIGGER `SMS`.`School_inserts`  AFTER INSERT ON `SMS`.`School`  FOR EACH ROW INSERT INTO `SMS`.`z_audit_School`     (`auditAction`,`idSchool`,`name`,`owner`,`contact_name`,`contact_number`,`status`,`support_level`,`created_by`,`creation_date`,`Address_idAddress`,`last_updated`)  VALUES     ('INSERT',NEW.idSchool,NEW.name,NEW.owner,NEW.contact_name,NEW.contact_number,NEW.status,NEW.support_level,NEW.created_by,NEW.creation_date,NEW.Address_idAddress,NEW.last_updated);DROP TRIGGER IF EXISTS `SMS`.`School_updates`;CREATE TRIGGER `SMS`.`School_updates`  AFTER UPDATE ON `SMS`.`School`  FOR EACH ROW INSERT INTO `SMS`.`z_audit_School`     (`auditAction`,`idSchool`,`name`,`owner`,`contact_name`,`contact_number`,`status`,`support_level`,`created_by`,`creation_date`,`Address_idAddress`,`last_updated`)  VALUES     ('UPDATE',NEW.idSchool,NEW.name,NEW.owner,NEW.contact_name,NEW.contact_number,NEW.status,NEW.support_level,NEW.created_by,NEW.creation_date,NEW.Address_idAddress,NEW.last_updated);DROP TRIGGER IF EXISTS `SMS`.`School_deletes`;CREATE TRIGGER `SMS`.`School_deletes`  AFTER DELETE ON `SMS`.`School`  FOR EACH ROW INSERT INTO `SMS`.`z_audit_School`     (`auditAction`,`idSchool`,`name`,`owner`,`contact_name`,`contact_number`,`status`,`support_level`,`created_by`,`creation_date`,`Address_idAddress`,`last_updated`)  VALUES     ('DELETE',OLD.idSchool,OLD.name,OLD.owner,OLD.contact_name,OLD.contact_number,OLD.status,OLD.support_level,OLD.created_by,OLD.creation_date,OLD.Address_idAddress,OLD.last_updated);
DROP TABLE IF EXISTS `SMS`.`z_audit_SchoolFamily`;CREATE TABLE `SMS`.`z_audit_SchoolFamily`(  `auditAction` ENUM ('INSERT', 'UPDATE', 'DELETE'),  `auditTimestamp` DATETIME DEFAULT CURRENT_TIMESTAMP,  `auditId` INT(14) AUTO_INCREMENT,  `idSchoolFamily` int(11),  `school_id` int(10) unsigned,  `type` int(11),  `FamilyStatus_idFamilyStatus` int(10) unsigned,  PRIMARY KEY (`auditId`),  INDEX (`auditTimestamp`))  ENGINE = InnoDB;DROP TRIGGER IF EXISTS `SMS`.`SchoolFamily_inserts`;CREATE TRIGGER `SMS`.`SchoolFamily_inserts`  AFTER INSERT ON `SMS`.`SchoolFamily`  FOR EACH ROW INSERT INTO `SMS`.`z_audit_SchoolFamily`     (`auditAction`,`idSchoolFamily`,`school_id`,`type`,`FamilyStatus_idFamilyStatus`)  VALUES     ('INSERT',NEW.idSchoolFamily,NEW.school_id,NEW.type,NEW.FamilyStatus_idFamilyStatus);DROP TRIGGER IF EXISTS `SMS`.`SchoolFamily_updates`;CREATE TRIGGER `SMS`.`SchoolFamily_updates`  AFTER UPDATE ON `SMS`.`SchoolFamily`  FOR EACH ROW INSERT INTO `SMS`.`z_audit_SchoolFamily`     (`auditAction`,`idSchoolFamily`,`school_id`,`type`,`FamilyStatus_idFamilyStatus`)  VALUES     ('UPDATE',NEW.idSchoolFamily,NEW.school_id,NEW.type,NEW.FamilyStatus_idFamilyStatus);DROP TRIGGER IF EXISTS `SMS`.`SchoolFamily_deletes`;CREATE TRIGGER `SMS`.`SchoolFamily_deletes`  AFTER DELETE ON `SMS`.`SchoolFamily`  FOR EACH ROW INSERT INTO `SMS`.`z_audit_SchoolFamily`     (`auditAction`,`idSchoolFamily`,`school_id`,`type`,`FamilyStatus_idFamilyStatus`)  VALUES     ('DELETE',OLD.idSchoolFamily,OLD.school_id,OLD.type,OLD.FamilyStatus_idFamilyStatus);
DROP TABLE IF EXISTS `SMS`.`z_audit_Sex`;CREATE TABLE `SMS`.`z_audit_Sex`(  `auditAction` ENUM ('INSERT', 'UPDATE', 'DELETE'),  `auditTimestamp` DATETIME DEFAULT CURRENT_TIMESTAMP,  `auditId` INT(14) AUTO_INCREMENT,  `idSex` int(11),  `sex` varchar(45),  PRIMARY KEY (`auditId`),  INDEX (`auditTimestamp`))  ENGINE = InnoDB;DROP TRIGGER IF EXISTS `SMS`.`Sex_inserts`;CREATE TRIGGER `SMS`.`Sex_inserts`  AFTER INSERT ON `SMS`.`Sex`  FOR EACH ROW INSERT INTO `SMS`.`z_audit_Sex`     (`auditAction`,`idSex`,`sex`)  VALUES     ('INSERT',NEW.idSex,NEW.sex);DROP TRIGGER IF EXISTS `SMS`.`Sex_updates`;CREATE TRIGGER `SMS`.`Sex_updates`  AFTER UPDATE ON `SMS`.`Sex`  FOR EACH ROW INSERT INTO `SMS`.`z_audit_Sex`     (`auditAction`,`idSex`,`sex`)  VALUES     ('UPDATE',NEW.idSex,NEW.sex);DROP TRIGGER IF EXISTS `SMS`.`Sex_deletes`;CREATE TRIGGER `SMS`.`Sex_deletes`  AFTER DELETE ON `SMS`.`Sex`  FOR EACH ROW INSERT INTO `SMS`.`z_audit_Sex`     (`auditAction`,`idSex`,`sex`)  VALUES     ('DELETE',OLD.idSex,OLD.sex);
DROP TABLE IF EXISTS `SMS`.`z_audit_Status`;CREATE TABLE `SMS`.`z_audit_Status`(  `auditAction` ENUM ('INSERT', 'UPDATE', 'DELETE'),  `auditTimestamp` DATETIME DEFAULT CURRENT_TIMESTAMP,  `auditId` INT(14) AUTO_INCREMENT,  `idStatus` int(11),  `name` varchar(45),  `description` varchar(45),  `school_id` int(11),  PRIMARY KEY (`auditId`),  INDEX (`auditTimestamp`))  ENGINE = InnoDB;DROP TRIGGER IF EXISTS `SMS`.`Status_inserts`;CREATE TRIGGER `SMS`.`Status_inserts`  AFTER INSERT ON `SMS`.`Status`  FOR EACH ROW INSERT INTO `SMS`.`z_audit_Status`     (`auditAction`,`idStatus`,`name`,`description`,`school_id`)  VALUES     ('INSERT',NEW.idStatus,NEW.name,NEW.description,NEW.school_id);DROP TRIGGER IF EXISTS `SMS`.`Status_updates`;CREATE TRIGGER `SMS`.`Status_updates`  AFTER UPDATE ON `SMS`.`Status`  FOR EACH ROW INSERT INTO `SMS`.`z_audit_Status`     (`auditAction`,`idStatus`,`name`,`description`,`school_id`)  VALUES     ('UPDATE',NEW.idStatus,NEW.name,NEW.description,NEW.school_id);DROP TRIGGER IF EXISTS `SMS`.`Status_deletes`;CREATE TRIGGER `SMS`.`Status_deletes`  AFTER DELETE ON `SMS`.`Status`  FOR EACH ROW INSERT INTO `SMS`.`z_audit_Status`     (`auditAction`,`idStatus`,`name`,`description`,`school_id`)  VALUES     ('DELETE',OLD.idStatus,OLD.name,OLD.description,OLD.school_id);
DROP TABLE IF EXISTS `SMS`.`z_audit_Student`;CREATE TABLE `SMS`.`z_audit_Student`(  `auditAction` ENUM ('INSERT', 'UPDATE', 'DELETE'),  `auditTimestamp` DATETIME DEFAULT CURRENT_TIMESTAMP,  `auditId` INT(14) AUTO_INCREMENT,  `idStudent` int(11),  `surname` varchar(45),  `name` varchar(45),  `chinese_name` varchar(45),  `dob` date,  `sex` int(11),  `allergies` int(11),  `family_id` int(11),  `Sex_idSex` int(11),  PRIMARY KEY (`auditId`),  INDEX (`auditTimestamp`))  ENGINE = InnoDB;DROP TRIGGER IF EXISTS `SMS`.`Student_inserts`;CREATE TRIGGER `SMS`.`Student_inserts`  AFTER INSERT ON `SMS`.`Student`  FOR EACH ROW INSERT INTO `SMS`.`z_audit_Student`     (`auditAction`,`idStudent`,`surname`,`name`,`chinese_name`,`dob`,`sex`,`allergies`,`family_id`,`Sex_idSex`)  VALUES     ('INSERT',NEW.idStudent,NEW.surname,NEW.name,NEW.chinese_name,NEW.dob,NEW.sex,NEW.allergies,NEW.family_id,NEW.Sex_idSex);DROP TRIGGER IF EXISTS `SMS`.`Student_updates`;CREATE TRIGGER `SMS`.`Student_updates`  AFTER UPDATE ON `SMS`.`Student`  FOR EACH ROW INSERT INTO `SMS`.`z_audit_Student`     (`auditAction`,`idStudent`,`surname`,`name`,`chinese_name`,`dob`,`sex`,`allergies`,`family_id`,`Sex_idSex`)  VALUES     ('UPDATE',NEW.idStudent,NEW.surname,NEW.name,NEW.chinese_name,NEW.dob,NEW.sex,NEW.allergies,NEW.family_id,NEW.Sex_idSex);DROP TRIGGER IF EXISTS `SMS`.`Student_deletes`;CREATE TRIGGER `SMS`.`Student_deletes`  AFTER DELETE ON `SMS`.`Student`  FOR EACH ROW INSERT INTO `SMS`.`z_audit_Student`     (`auditAction`,`idStudent`,`surname`,`name`,`chinese_name`,`dob`,`sex`,`allergies`,`family_id`,`Sex_idSex`)  VALUES     ('DELETE',OLD.idStudent,OLD.surname,OLD.name,OLD.chinese_name,OLD.dob,OLD.sex,OLD.allergies,OLD.family_id,OLD.Sex_idSex);
DROP TABLE IF EXISTS `SMS`.`z_audit_User`;CREATE TABLE `SMS`.`z_audit_User`(  `auditAction` ENUM ('INSERT', 'UPDATE', 'DELETE'),  `auditTimestamp` DATETIME DEFAULT CURRENT_TIMESTAMP,  `auditId` INT(14) AUTO_INCREMENT,  `idUser` int(10) unsigned,  `email` varchar(255),  `password` varchar(255),  `created` datetime(6),  `last_login` datetime(6),  `cust_id` int(10) unsigned,  `emp_id` int(10) unsigned,  `role` varchar(45),  `active` bit(1),  `locked` bit(1),  `inviteToken` varchar(255),  `resetToken` varchar(255),  `phoneNumber` varchar(45),  PRIMARY KEY (`auditId`),  INDEX (`auditTimestamp`))  ENGINE = InnoDB;DROP TRIGGER IF EXISTS `SMS`.`User_inserts`;CREATE TRIGGER `SMS`.`User_inserts`  AFTER INSERT ON `SMS`.`User`  FOR EACH ROW INSERT INTO `SMS`.`z_audit_User`     (`auditAction`,`idUser`,`email`,`password`,`created`,`last_login`,`cust_id`,`emp_id`,`role`,`active`,`locked`,`inviteToken`,`resetToken`,`phoneNumber`)  VALUES     ('INSERT',NEW.idUser,NEW.email,NEW.password,NEW.created,NEW.last_login,NEW.cust_id,NEW.emp_id,NEW.role,NEW.active,NEW.locked,NEW.inviteToken,NEW.resetToken,NEW.phoneNumber);DROP TRIGGER IF EXISTS `SMS`.`User_updates`;CREATE TRIGGER `SMS`.`User_updates`  AFTER UPDATE ON `SMS`.`User`  FOR EACH ROW INSERT INTO `SMS`.`z_audit_User`     (`auditAction`,`idUser`,`email`,`password`,`created`,`last_login`,`cust_id`,`emp_id`,`role`,`active`,`locked`,`inviteToken`,`resetToken`,`phoneNumber`)  VALUES     ('UPDATE',NEW.idUser,NEW.email,NEW.password,NEW.created,NEW.last_login,NEW.cust_id,NEW.emp_id,NEW.role,NEW.active,NEW.locked,NEW.inviteToken,NEW.resetToken,NEW.phoneNumber);DROP TRIGGER IF EXISTS `SMS`.`User_deletes`;CREATE TRIGGER `SMS`.`User_deletes`  AFTER DELETE ON `SMS`.`User`  FOR EACH ROW INSERT INTO `SMS`.`z_audit_User`     (`auditAction`,`idUser`,`email`,`password`,`created`,`last_login`,`cust_id`,`emp_id`,`role`,`active`,`locked`,`inviteToken`,`resetToken`,`phoneNumber`)  VALUES     ('DELETE',OLD.idUser,OLD.email,OLD.password,OLD.created,OLD.last_login,OLD.cust_id,OLD.emp_id,OLD.role,OLD.active,OLD.locked,OLD.inviteToken,OLD.resetToken,OLD.phoneNumber);
